State,2012
District of Columbia,10
Hawaii,5.1
Vermont,4.9
Oregon,4.9
Maine,4.8
Rhode Island,4.5
Massachusetts,4.4
South Dakota,4.4
Nevada,4.2
California,4
Washington,4
Kentucky,3.9
Arizona,3.9
New York,3.8
Michigan,3.8
Illinois,3.8
New Hampshire,3.7
New Jersey,3.7
Indiana,3.7
Kansas,3.7
Ohio,3.6
Georgia,3.5
Florida,3.5
Arkansas,3.5
Connecticut,3.4
Delaware,3.4
Oklahoma,3.4
Alaska,3.4
Maryland,3.3
Missouri,3.3
North Carolina,3.3
Texas,3.3
Louisiana,3.2
Colorado,3.2
West Virginia,3.1
Minnesota,2.9
Virginia,2.9
South Carolina,2.9
Wyoming,2.9
New Mexico,2.9
Wisconsin,2.8
Iowa,2.8
Alabama,2.8
Pennsylvania,2.7
Nebraksa,2.7
Idaho,2.7
Utah,2.7
Tennessee,2.6
Mississippi,2.6
Montana,2.6
North Dakota,1.7
